{"version":1,"hash":{"type":"Buffer","data":"WZKZYkuOUc6HD5KjuKenLPWHsw/5WClBNely6oY1RWyYPiJZS2gfTz1vWOT0VNYnSV8CqxL3LM6rlAt5PWVr8RYGEg4nSNRYt4CxAC+Eej8XwXbPVGnK1wl5IKvxapCqGHqpiybXmrrAKpNA/qFar4XoxFq5dTLy994zLNc1a60="},"indexValueMap":{"OOWCsbhROT/DKKdksNLfa8cQbE8LFjq3tI98a59w8Yk=":{"valueMac":{"type":"Buffer","data":"ffWhg6MODke3Y2G4mhBqAlwGNpHG6cWCi1WUOcSLjvY="}},"gH+VSVOurgjItaduGyEbSPPmxlfcmAImKFM4gUaimJM=":{"valueMac":{"type":"Buffer","data":"dS+/8Au5pmEBHwF6b2AkVsSE0qfTK8H2FReDTKPYHro="}}}}