{"version":1,"hash":{"type":"Buffer","data":"VnbqadcfwgDpOoQ+YIcBxUWssvcq2nFgMX0Zfuu2KlMWgmvzQpoI9iK/RkYKoNQMWj4dEBVx2ld1oD8krKRrQqN0nNckGEFInkpWGQT3AO21+Am+19hcGNEW7s2T2s/Egy03ObOWxYJn2UV+NVX6kUM51OvUYKuntI+iuLmGWZs="},"indexValueMap":{"tGV/ajsvaABGCEIavcnBMqXyEXVFo+2E14sa6oikn1M=":{"valueMac":{"type":"Buffer","data":"R4B/LMKZFzy8RESDkf8kip4SJf3g6CtZHW5AnDvPrnk="}},"/6iGr6rRfqFfn+x3oyQ60ZwKzAJkfedrsVBI80KF9Po=":{"valueMac":{"type":"Buffer","data":"q8Wk96mAZzloayItzLcoIxr2StKCnsclA9iqthM5x/M="}},"ZJgzscGrdijvuL4GujI5DHY8ke4E2ZdLlHxdDDWY7ME=":{"valueMac":{"type":"Buffer","data":"jFq+OxkqP/qk8+upXqNwZN0Ngo9HCSdd4yX8tRRlp5Y="}},"VJN4lM5uF1cyWGnPIiIlJFBCCs4esY4Wp0Abopk382A=":{"valueMac":{"type":"Buffer","data":"HZSIA8NwkyzYcnCsNm2ghq8sgucjcPkk5Dmb6w0jXIU="}},"iM2+tQEz1t02j7ozEQ3D6Ias70qYbPfnnWPLLHRR8EI=":{"valueMac":{"type":"Buffer","data":"ZKrKeMeLQMgvDaiRaXjkzRykymEab5hd+AAWnHduYWQ="}},"oFWoHhdenpo5wjIQ/5exIZfzLLP/mL49PKKb58DsXx8=":{"valueMac":{"type":"Buffer","data":"z+X46NQ3UChSGhp4jpUGiQ/XuqCgYP6a4MsehTyzFnA="}},"uawsWicDgKJuxgvc/pPzF9Dka/mNVlrODltuV7dytqc=":{"valueMac":{"type":"Buffer","data":"Gcfv7FQdSgitltw6VRxdUJVLrU/mYZFo5oaMQlcD0WA="}},"Iar924oPzi/RjDM98YNoSgc2iB/JAJSYFWpe4MQx4gc=":{"valueMac":{"type":"Buffer","data":"5pRLceH8mGTDWH7gZcAZ/vojUMvoeyb+51Qjqmz6QYU="}},"aDI7HT4FSJRc7vXlsf1eVgk1Klf1TRtpOwS1SlGlQow=":{"valueMac":{"type":"Buffer","data":"cJuIBlKrxftWK6ymnIFlZDCFpxKPJ2YNftWQpEWnKas="}},"z4z15O2eB3vCo7vwT/zE2T8bvNoIpoMCiEWlWYym358=":{"valueMac":{"type":"Buffer","data":"z8b177g2DINgO5j6NYTBHiF/YDwN7PWX1lsDlZzZLUw="}},"MkSoV/1ilTGYHJnnex+F4FuqfPTrST5f3yDfL3cj7dw=":{"valueMac":{"type":"Buffer","data":"VSz1xcEYaNASMySP9eXV8A269jXK2sgy/F9zj+OSmCI="}},"4PDboCOIW6XUsts9h6FWTtOdOnPYVffdpWfj8/eoZcI=":{"valueMac":{"type":"Buffer","data":"ct4ZruPvwbt6S6T+oiBSRxJpj6SAhmnLGNfpdq0MGUc="}},"ZMzEqLtUFDUcl8qw7UAbgeOYUN15vqnKsL2EOKgO5EI=":{"valueMac":{"type":"Buffer","data":"wAkmqKxjQq5wY6bRXzCKfAZj6DSnU4yPz/axOi7wups="}},"ItwYWXlCzGIh9aYmoZ5py+urTL71+zY2E0E26Vm7RYA=":{"valueMac":{"type":"Buffer","data":"uYiQwX85tROP7EcWP3pPaksZIqKoEtfiykfMa6bG4sU="}},"yJATiS14bZJqcP71vXbp2fBsYPSV3prhbUOKFZx0Pn4=":{"valueMac":{"type":"Buffer","data":"TW4wTGbrt9WhTXnoliON+T98j6oM+lv73L/gIl3C0nM="}},"oO0ajoA3jGDCVMWNDMucTbknd9copJ9MOtX1V/cSLOI=":{"valueMac":{"type":"Buffer","data":"irCpI+iCC2HBAk721o83qQe74P+JqshU2BcF8P2gzQc="}},"UkXchBdSyWntqdpuK1PEsKsMSGKVEqHm236XysbTvnE=":{"valueMac":{"type":"Buffer","data":"F/fJc8H6ZCjNnWgVq+qvBK+RroxSRI4nT5x/2CJn3GY="}},"8g4i1atgBPXzFOk8Y7htiucFLK1bpgLg04yO3XRA/Po=":{"valueMac":{"type":"Buffer","data":"6+4+5wM8fcsyMptWGDEsE7XYEldCwZ25GwDvMn0U/UY="}},"tmkgBARXiAF1AKgxGoEP8iZdfgg9z+JqGpt3BXQheM0=":{"valueMac":{"type":"Buffer","data":"2Eq76e11hYFy3I9KN/7KL/o7oOl44itKF2ccDLz9S+0="}},"zu5DFdB9l2LFVTkJlI6hqEQKwtISaEm+KN5ye7aPw44=":{"valueMac":{"type":"Buffer","data":"MpUQMRSSbv6tL3s2N2YFRZdAKrsSs3B8K9QLZ2DKK+k="}},"qz5EBer+a2L9gh9poe8G5IJ/HF+nC0W139Tzc0u0j5g=":{"valueMac":{"type":"Buffer","data":"1zdjPkOjSAlqshuF7uY5GklM6dj2GVbQAdNBiLLha5E="}},"ZY7YQi3Jh6532tt0NBCAsXiMWpx7IpFPDbFfUzK6muQ=":{"valueMac":{"type":"Buffer","data":"Rhulq1/hoORpch+tP1MQGPjsSCN/b9YzVGgazUDfiWM="}}}}