{"noiseKey":{"private":{"type":"Buffer","data":"qGNMYZA/UNqSHmnDKSgWZVPP80J+qeXmedm3iKSb1EI="},"public":{"type":"Buffer","data":"Ky/lGtuSzw+DztI26KZaLeRX368UQmqPD620NZbPcE4="}},"pairingEphemeralKeyPair":{"private":{"type":"Buffer","data":"8E8uUHZu6blaV9HMHprE6xVG0WOAINFCcvZZ+OZfJ3k="},"public":{"type":"Buffer","data":"0U741SQ4zx+dJrf/pwyt/M1Ydl50egcsZR+Ykvt0UmE="}},"signedIdentityKey":{"private":{"type":"Buffer","data":"mI0VJRyPWzrWWAXVLhKI9pZCxg0yPiXITko28OzYQWk="},"public":{"type":"Buffer","data":"bXFObtSB+NOwgefh54g8I302NGmp5NJ1aOOqW4r6qEA="}},"signedPreKey":{"keyPair":{"private":{"type":"Buffer","data":"SFj+m+DtBcSzL25EcHnOjLyh/jDSyGMEMxC8JKW+qUM="},"public":{"type":"Buffer","data":"w5MiAuZXT4O4qJjqIdkUAR8VKARrb82fkA4WA6JccEE="}},"signature":{"type":"Buffer","data":"irZYsexdmaS9DeuMBb9OqdTgk3ClJ8swiLyDmDc4cikaho085RTbMLE42rQOhmrhfHuOQMt+I1EhVI0f600QiA=="},"keyId":1},"registrationId":114,"advSecretKey":"Lm8LZMDcH/nYkoVC+SspmYwVBEHH7khA6nMjHdf5vIM=","processedHistoryMessages":[{"key":{"remoteJid":"6283853933754@s.whatsapp.net","fromMe":true,"id":"BB1A7CAD1BA47602A57802A101711905"},"messageTimestamp":1696954128},{"key":{"remoteJid":"6283853933754@s.whatsapp.net","fromMe":true,"id":"DBE0E0C3CBBFD17702BB595E2F537B9C"},"messageTimestamp":1696954128},{"key":{"remoteJid":"6283853933754@s.whatsapp.net","fromMe":true,"id":"BAAAB8AEA0949B35E64D2719A7205F7B"},"messageTimestamp":1696954145},{"key":{"remoteJid":"6283853933754@s.whatsapp.net","fromMe":true,"id":"520A904CBB8EACB4F98B79FD687656C4"},"messageTimestamp":1696954154},{"key":{"remoteJid":"6283853933754@s.whatsapp.net","fromMe":true,"id":"F4E569D808EE91C4510C86F778793DE7"},"messageTimestamp":1696954176},{"key":{"remoteJid":"6283853933754@s.whatsapp.net","fromMe":true,"id":"4389862FC462B06A6537C7EF29C3385B"},"messageTimestamp":1696954201},{"key":{"remoteJid":"6283853933754@s.whatsapp.net","fromMe":true,"id":"6E448A4FF01E77CB3B2A74511B8273E2"},"messageTimestamp":1696954251},{"key":{"remoteJid":"6283853933754@s.whatsapp.net","fromMe":true,"id":"1C6B7956DF4481A3E3BC43BA6AEAD8C2"},"messageTimestamp":1696954299},{"key":{"remoteJid":"6283853933754@s.whatsapp.net","fromMe":true,"id":"92B2A1401C47FD8E1B241111C18968F8"},"messageTimestamp":1696954321},{"key":{"remoteJid":"6283853933754@s.whatsapp.net","fromMe":true,"id":"C6E58287B7236A13DE215599E4B4050F"},"messageTimestamp":1696954327},{"key":{"remoteJid":"6283853933754@s.whatsapp.net","fromMe":true,"id":"60229509FB957E624C97AE7009D0ABFF"},"messageTimestamp":1696954345},{"key":{"remoteJid":"6283853933754@s.whatsapp.net","fromMe":true,"id":"0A299AB52B20E5089389FB440297D56F"},"messageTimestamp":1696954345},{"key":{"remoteJid":"6283853933754@s.whatsapp.net","fromMe":true,"id":"0B00A57CE9ACF7B20A4FB0A88DD37AB6"},"messageTimestamp":1696954356},{"key":{"remoteJid":"6283853933754@s.whatsapp.net","fromMe":true,"id":"0CCB28FE8A585625E067AF8EA2E784CF"},"messageTimestamp":1696954360}],"nextPreKeyId":481,"firstUnuploadedPreKeyId":481,"accountSyncCounter":1,"accountSettings":{"unarchiveChats":false},"deviceId":"jn4tXslpTvi_Mjc34ie0YQ","phoneId":"a10c3c5e-1e65-428b-a6ff-0020eb06f7ab","identityId":{"type":"Buffer","data":"VllprvhlyId5OSj9r/UcXCpcAJg="},"registered":true,"backupToken":{"type":"Buffer","data":"XiJkPBI5qEbllA+SZUh5GIF3DZ0="},"registration":{},"pairingCode":"4WERJ8EJ","me":{"id":"6283853933754:19@s.whatsapp.net","name":"YT : THOMVELZ REAL"},"account":{"details":"CJ6p4oEFEIXulakGGAE=","accountSignatureKey":"nGnrOSpDtcLwBG2NXmhg0bxn1mKPV2bB+d2TKT9g110=","accountSignature":"4NK7qyUTkuQ8fgTHjYk7U0UipjzRPcV+NNAiXGylKSiuo4kGAHc0PUiktM6wq51Fjy1nsQxqRG7PYUJqeAMLDQ==","deviceSignature":"951go5vGuOB042rfjnCRgrCUmHBUx/Eeipsox+jrAqpVOl7yZQZCZ7dewN2w/DxmsqMyV0+aoAaOHPjw97N7iw=="},"signalIdentities":[{"identifier":{"name":"6283853933754:19@s.whatsapp.net","deviceId":0},"identifierKey":{"type":"Buffer","data":"BZxp6zkqQ7XC8ARtjV5oYNG8Z9Zij1dmwfndkyk/YNdd"}}],"platform":"android","lastAccountSyncTimestamp":1696954940,"myAppStateKeyId":"AAAAAAN0"}